/*SUPPLIER*/
INSERT INTO SUPPLIER (SUPPLIER_ID, COMPANY_NAME, ADDRESS, CONTACT)
VALUES ('SU001', 'Nokia', 'ballycoolin business pk D15', '014556627');

INSERT INTO SUPPLIER (SUPPLIER_ID, COMPANY_NAME, ADDRESS, CONTACT)
VALUES ('SU002', 'Samsung', 'ballycoolin business pk D15', '014556628');

INSERT INTO SUPPLIER (SUPPLIER_ID, COMPANY_NAME, ADDRESS, CONTACT)
VALUES ('SU003', 'Apple', 'ballycoolin business pk D15', '014556629');

INSERT INTO SUPPLIER (SUPPLIER_ID, COMPANY_NAME, ADDRESS, CONTACT)
VALUES ('SU004', 'HTC', 'ballycoolin business pk D15', '014556630');

SELECT * FROM SUPPLIER;

/*PRODUCT*/
INSERT INTO PRODUCT (PHONE_ID, BRAND_NAME, MODEL_NUMBER, PURCHASE_PRICE, SELLING_PRICE, QUANTITY, DESCRIPTION, INITIAL_CREDIT, SUPPLIER_ID)
VALUES ('P0001', 'Nokia', 6510, 70, 90, 5, 'Nokia 6510, Smartphone, 8Gb Memory, Wifi, Bluetooth', 10, 'SU001');

INSERT INTO PRODUCT (PHONE_ID, BRAND_NAME, MODEL_NUMBER, PURCHASE_PRICE, SELLING_PRICE, QUANTITY, DESCRIPTION, INITIAL_CREDIT, SUPPLIER_ID)
VALUES ('P0002', 'Samsung', 1030, 120, 150, 3, 'Samsung Galaxy S3, Smartphone, 8Gb Memory, Wifi, Bluetooth', 15, 'SU002');

INSERT INTO PRODUCT (PHONE_ID, BRAND_NAME, MODEL_NUMBER, PURCHASE_PRICE, SELLING_PRICE, QUANTITY, DESCRIPTION, INITIAL_CREDIT, SUPPLIER_ID)
VALUES ('P0003', 'Apple', 1005, 200, 300, 3, 'Apple iPhone 5, iOS 6, 16Gb, Wifi', 50, 'SU003');

INSERT INTO PRODUCT (PHONE_ID, BRAND_NAME, MODEL_NUMBER, PURCHASE_PRICE, SELLING_PRICE, QUANTITY, DESCRIPTION, INITIAL_CREDIT, SUPPLIER_ID)
VALUES ('P0004', 'HTC', 1001, 180, 250, 2, 'HTC One X, Android, 16Gb, WiFi', 30, 'SU004');

SELECT * FROM PRODUCT;

/*Order_stock*/
INSERT INTO ORDER_STOCK (ORDER_ID, PHONE_ID, ORDER_QUANTITY, SUPPLIER_ID, DELIVERY_DATE) 
VALUES ('OS0001','P0004', 9, 'SU004', '30-NOV-2012');
SELECT *FROM ORDER_STOCK;

/*PLAN*/
INSERT INTO PLAN_T (PLAN_ID, PLAN_NAME, SMS_PRICE, MYPHONE_PRICE, OTHERNETWORK_PRICE, INTERNATIONAL_PRICE, DATA_PRICE)
VALUES ('PL001', 'Myphone', 0.02, 0.1, 0.14, 0.2, 0.1);

SELECT * FROM PLAN_T;

/*STORES*/
INSERT INTO STORE_T (STORE_ID, ADDRESS, CONTACT)
VALUES ('MP001', 'Swords', 015443838);

INSERT INTO STORE_T (STORE_ID, ADDRESS, CONTACT)
VALUES ('MP002', 'Grafton st', 017654848);

INSERT INTO STORE_T (STORE_ID, ADDRESS, CONTACT)
VALUES ('MP003', 'Dundrum', 016332555);

INSERT INTO STORE_T (STORE_ID, ADDRESS, CONTACT)
VALUES ('MP004', 'Tallaght', 018763456);

SELECT * FROM STORE_T;

/*EMPLOYEES*/
INSERT INTO EMPLOYEES (EMPLOYEE_ID, STORE_ID, FIRST_NAME, SURNAME, ADDRESS, CONTACT, DEPARTMENT)
VALUES ('E0001', 'MP001', 'Kevin', 'McCartney', 'Ellis Quay', 0876654378, 'sales');

INSERT INTO EMPLOYEES (EMPLOYEE_ID, STORE_ID, FIRST_NAME, SURNAME, ADDRESS, CONTACT, DEPARTMENT)
VALUES ('E0002', 'MP002', 'John', 'Smith', 'TempleBar', 0835437890, 'background');

INSERT INTO EMPLOYEES (EMPLOYEE_ID, STORE_ID, FIRST_NAME, SURNAME, ADDRESS, CONTACT, DEPARTMENT)
VALUES ('E0003', 'MP001', 'Pauline', 'O''Neil', 'Rialto', 0858543728, 'admin');

INSERT INTO EMPLOYEES (EMPLOYEE_ID, STORE_ID, FIRST_NAME, SURNAME, ADDRESS, CONTACT, DEPARTMENT)
VALUES ('E0004', 'MP002', 'Jane', 'Roberts', 'Dundrum', 0832364899, 'sales');

INSERT INTO EMPLOYEES (EMPLOYEE_ID, STORE_ID, FIRST_NAME, SURNAME, ADDRESS, CONTACT, DEPARTMENT)
VALUES ('E0005', 'MP001', 'Ben', 'Jones', 'Santry', 0872331178, 'admin');

SELECT * FROM EMPLOYEES;

/*CUSTOMER*/
INSERT INTO CUSTOMER (CUSTOMER_ID, FIRST_NAME, SURNAME, ADDRESS, EMAIL)
VALUES ('C0001', 'Joe', 'Bloggs', '28 Stamullen', 'joe.bloggs@gmail.com');

INSERT INTO CUSTOMER (CUSTOMER_ID, FIRST_NAME, SURNAME, ADDRESS, EMAIL)
VALUES ('C0002', 'Jane ', 'Smith', '46 Swords', 'jane222@gmail.com');

INSERT INTO CUSTOMER (CUSTOMER_ID, FIRST_NAME, SURNAME, ADDRESS, EMAIL)
VALUES ('C0003', 'Tom', 'Connolly', '23 Smithfield', 'tom.con@gmail.com');

INSERT INTO CUSTOMER (CUSTOMER_ID, FIRST_NAME, SURNAME, ADDRESS, EMAIL)
VALUES ('C0004', 'Ann', 'Ryan', '1 Phibsborugh', 'ryan_ann@hotmail.com');

INSERT INTO CUSTOMER (CUSTOMER_ID, FIRST_NAME, SURNAME, ADDRESS, EMAIL)
VALUES ('C0005', 'Tim', 'Hanlon', '14 Glassnevim', 'timhanlon@yahoo.com');

SELECT * FROM CUSTOMER;

/*SERIAL_NUMBERS*/
INSERT INTO SERIAL_NUMBERS (SERIAL_NUMBER, PHONE_ID)
VALUES (8986307059379, 'P0001');

INSERT INTO SERIAL_NUMBERS (SERIAL_NUMBER, PHONE_ID)
VALUES (2724293362669, 'P0002');

INSERT INTO SERIAL_NUMBERS (SERIAL_NUMBER, PHONE_ID)
VALUES (1415755109228, 'P0003');

INSERT INTO SERIAL_NUMBERS (SERIAL_NUMBER, PHONE_ID)
VALUES (5320834605370, 'P0004');

INSERT INTO SERIAL_NUMBERS (SERIAL_NUMBER, PHONE_ID)
VALUES (4507227333923, 'P0001');

INSERT INTO SERIAL_NUMBERS (SERIAL_NUMBER, PHONE_ID)
VALUES (3032939463316, 'P0002');

INSERT INTO SERIAL_NUMBERS (SERIAL_NUMBER, PHONE_ID)
VALUES (7334623257732, 'P0003');

INSERT INTO SERIAL_NUMBERS (SERIAL_NUMBER, PHONE_ID)
VALUES (2901718141906, 'P0004');

INSERT INTO SERIAL_NUMBERS (SERIAL_NUMBER, PHONE_ID)
VALUES (6869996972346, 'P0001');

INSERT INTO SERIAL_NUMBERS (SERIAL_NUMBER, PHONE_ID)
VALUES (2327073314506, 'P0002');

SELECT * FROM SERIAL_NUMBERS;

/*PHONE_NUMBER*/
INSERT INTO PHONE_NUMBER (PHONE_NUMBER)
VALUES (0891234566);

INSERT INTO PHONE_NUMBER (PHONE_NUMBER)
VALUES (0891234567);

INSERT INTO PHONE_NUMBER (PHONE_NUMBER)
VALUES (0891234568);

INSERT INTO PHONE_NUMBER (PHONE_NUMBER)
VALUES (0891234569);

INSERT INTO PHONE_NUMBER (PHONE_NUMBER)
VALUES (0891234570);

INSERT INTO PHONE_NUMBER (PHONE_NUMBER)
VALUES (0891234571);

INSERT INTO PHONE_NUMBER (PHONE_NUMBER)
VALUES (0891234572);

INSERT INTO PHONE_NUMBER (PHONE_NUMBER)
VALUES (0891234573);

INSERT INTO PHONE_NUMBER (PHONE_NUMBER)
VALUES (0891234574);

INSERT INTO PHONE_NUMBER (PHONE_NUMBER)
VALUES (0891234575);

INSERT INTO PHONE_NUMBER (PHONE_NUMBER)
VALUES (0891234576);

INSERT INTO PHONE_NUMBER (PHONE_NUMBER)
VALUES (0891234577);

INSERT INTO PHONE_NUMBER (PHONE_NUMBER)
VALUES (0891234578);

INSERT INTO PHONE_NUMBER (PHONE_NUMBER)
VALUES (0891234579);

SELECT * FROM PHONE_NUMBER;

/*TRANSACTION*/
INSERT INTO TRANSACTION_T (TRANSACTION_ID, SERIAL_NUMBER, PLAN_ID, PHONE_ID, CUSTOMER_ID, TRANSACTION_TYPE, TOTAL_PRICE, STORE_ID, EMPLOYEE_ID, PHONE_NUMBER)
VALUES ('T0001', 8986307059379, 'PL001', 'P0001', 'C0001', 'store', 90, 'MP001', 'E0001', 0891234566);

INSERT INTO TRANSACTION_T (TRANSACTION_ID, SERIAL_NUMBER, PLAN_ID, PHONE_ID, CUSTOMER_ID, TRANSACTION_TYPE, TOTAL_PRICE, STORE_ID, EMPLOYEE_ID, PHONE_NUMBER)
VALUES ('T0002', 2724293362669, 'PL001', 'P0002', 'C0002', 'store', 150, 'MP002', 'E0004', 0891234567);

INSERT INTO TRANSACTION_T (TRANSACTION_ID, SERIAL_NUMBER, PLAN_ID, PHONE_ID, CUSTOMER_ID, TRANSACTION_TYPE, TOTAL_PRICE, STORE_ID, EMPLOYEE_ID, PHONE_NUMBER)
VALUES ('T0003', 1415755109228, 'PL001', 'P0003', 'C0003', 'online', 300, 'MP002', 'E0002', 0891234568);

INSERT INTO TRANSACTION_T (TRANSACTION_ID, SERIAL_NUMBER, PLAN_ID, PHONE_ID, CUSTOMER_ID, TRANSACTION_TYPE, TOTAL_PRICE, STORE_ID, EMPLOYEE_ID, PHONE_NUMBER)
VALUES ('T0004', 5320834605370, 'PL001', 'P0004', 'C0004', 'store', 250, 'MP001', 'E0001', 0891234569);

INSERT INTO TRANSACTION_T (TRANSACTION_ID, SERIAL_NUMBER, PLAN_ID, PHONE_ID, CUSTOMER_ID, TRANSACTION_TYPE, TOTAL_PRICE, STORE_ID, EMPLOYEE_ID, PHONE_NUMBER)
VALUES ('T0005', 2901718141906, 'PL001', 'P0004', 'C0005', 'online', 250, 'MP002', 'E0002', 0891234570);

SELECT * FROM transaction_t;

/*USAGE*/

INSERT INTO USAGE_T (USAGE_ID, CUSTOMER_ID, PHONE_NUMBER, USAGE_DATE, USAGE_TYPE, USAGE_DURATION, PRICE_PER_UNIT, TOTAL_USAGE_PRICE)
VALUES ('U00000001', 'C0002', 0891234567, to_date ('2012-11-19 22:46:13', 'YYYY-MM-DD HH24:MI:SS'), 'sms', 1, 0.029999999999999999, 0.029999999999999999);

INSERT INTO USAGE_T (USAGE_ID, CUSTOMER_ID, PHONE_NUMBER, USAGE_DATE, USAGE_TYPE, USAGE_DURATION, PRICE_PER_UNIT, TOTAL_USAGE_PRICE)
VALUES ('U00000002', 'C0002', 0891234567, to_date ('2012-11-20 22:46:12', 'YYYY-MM-DD HH24:MI:SS'), 'sms', 1, 0.029999999999999999, 0.029999999999999999);

INSERT INTO USAGE_T (USAGE_ID, CUSTOMER_ID, PHONE_NUMBER, USAGE_DATE, USAGE_TYPE, USAGE_DURATION, PRICE_PER_UNIT, TOTAL_USAGE_PRICE)
VALUES ('U00000003', 'C0002', 0891234567, to_date ('2012-11-21 22:46:12', 'YYYY-MM-DD HH24:MI:SS'), 'myphone', 30, 0.10000000000000001, 0.050000000000000003);

INSERT INTO USAGE_T (USAGE_ID, CUSTOMER_ID, PHONE_NUMBER, USAGE_DATE, USAGE_TYPE, USAGE_DURATION, PRICE_PER_UNIT, TOTAL_USAGE_PRICE)
VALUES ('U00000004', 'C0002', 0891234567, to_date ('2012-11-22 22:46:12', 'YYYY-MM-DD HH24:MI:SS'), 'sms', 1, 0.029999999999999999, 0.029999999999999999);

INSERT INTO USAGE_T (USAGE_ID, CUSTOMER_ID, PHONE_NUMBER, USAGE_DATE, USAGE_TYPE, USAGE_DURATION, PRICE_PER_UNIT, TOTAL_USAGE_PRICE)
VALUES ('U00000005', 'C0002', 0891234567, to_date ('2012-11-23 22:46:12', 'YYYY-MM-DD HH24:MI:SS'), 'other', 17, 0.14999999999999999, 0.040000000000000001);

INSERT INTO USAGE_T (USAGE_ID, CUSTOMER_ID, PHONE_NUMBER, USAGE_DATE, USAGE_TYPE, USAGE_DURATION, PRICE_PER_UNIT, TOTAL_USAGE_PRICE)
VALUES ('U00000006', 'C0002', 0891234567, to_date ('2012-11-24 22:46:12', 'YYYY-MM-DD HH24:MI:SS'), 'data', 40, 0.10000000000000001, 4);

INSERT INTO USAGE_T (USAGE_ID, CUSTOMER_ID, PHONE_NUMBER, USAGE_DATE, USAGE_TYPE, USAGE_DURATION, PRICE_PER_UNIT, TOTAL_USAGE_PRICE)
VALUES ('U00000007', 'C0002', 0891234567, to_date ('2012-11-25 22:46:12', 'YYYY-MM-DD HH24:MI:SS'), 'international', 23, 0.29999999999999999, 0.115);

INSERT INTO USAGE_T (USAGE_ID, CUSTOMER_ID, PHONE_NUMBER, USAGE_DATE, USAGE_TYPE, USAGE_DURATION, PRICE_PER_UNIT, TOTAL_USAGE_PRICE)
VALUES ('U00000008', 'C0002', 0891234567, to_date ('2012-11-26 22:46:12', 'YYYY-MM-DD HH24:MI:SS'), 'data', 12, 0.10000000000000001, 1.2000000000000002);

INSERT INTO USAGE_T (USAGE_ID, CUSTOMER_ID, PHONE_NUMBER, USAGE_DATE, USAGE_TYPE, USAGE_DURATION, PRICE_PER_UNIT, TOTAL_USAGE_PRICE)
VALUES ('U00000009', 'C0002', 0891234567, to_date ('2012-11-27 22:46:12', 'YYYY-MM-DD HH24:MI:SS'), 'sms', 1, 0.029999999999999999, 0.029999999999999999);

INSERT INTO USAGE_T (USAGE_ID, CUSTOMER_ID, PHONE_NUMBER, USAGE_DATE, USAGE_TYPE, USAGE_DURATION, PRICE_PER_UNIT, TOTAL_USAGE_PRICE)
VALUES ('U00000010', 'C0002', 0891234567, to_date ('2012-11-28 22:46:12', 'YYYY-MM-DD HH24:MI:SS'), 'sms', 1, 0.029999999999999999, 0.029999999999999999);

INSERT INTO USAGE_T (USAGE_ID, CUSTOMER_ID, PHONE_NUMBER, USAGE_DATE, USAGE_TYPE, USAGE_DURATION, PRICE_PER_UNIT, TOTAL_USAGE_PRICE)
VALUES ('U00000011', 'C0002', 0891234567, to_date ('2012-11-29 22:46:12', 'YYYY-MM-DD HH24:MI:SS'), 'myphone', 99, 0.10000000000000001, 0.16500000000000001);

INSERT INTO USAGE_T (USAGE_ID, CUSTOMER_ID, PHONE_NUMBER, USAGE_DATE, USAGE_TYPE, USAGE_DURATION, PRICE_PER_UNIT, TOTAL_USAGE_PRICE)
VALUES ('U00000012', 'C0002', 0891234567, to_date ('2012-11-30 22:46:12', 'YYYY-MM-DD HH24:MI:SS'), 'myphone', 62, 0.10000000000000001, 0.10333333333333335);

INSERT INTO USAGE_T (USAGE_ID, CUSTOMER_ID, PHONE_NUMBER, USAGE_DATE, USAGE_TYPE, USAGE_DURATION, PRICE_PER_UNIT, TOTAL_USAGE_PRICE)
VALUES ('U00000013', 'C0002', 0891234567, to_date ('2012-12-01 22:46:12', 'YYYY-MM-DD HH24:MI:SS'), 'myphone', 15, 0.10000000000000001, 0.025000000000000001);

INSERT INTO USAGE_T (USAGE_ID, CUSTOMER_ID, PHONE_NUMBER, USAGE_DATE, USAGE_TYPE, USAGE_DURATION, PRICE_PER_UNIT, TOTAL_USAGE_PRICE)
VALUES ('U00000014', 'C0003', 0891234568, to_date ('2012-11-19 22:46:13', 'YYYY-MM-DD HH24:MI:SS'), 'sms', 1, 0.029999999999999999, 0.029999999999999999);

INSERT INTO USAGE_T (USAGE_ID, CUSTOMER_ID, PHONE_NUMBER, USAGE_DATE, USAGE_TYPE, USAGE_DURATION, PRICE_PER_UNIT, TOTAL_USAGE_PRICE)
VALUES ('U00000015', 'C0003', 0891234568, to_date ('2012-11-20 22:46:12', 'YYYY-MM-DD HH24:MI:SS'), 'sms', 1, 0.029999999999999999, 0.029999999999999999);

INSERT INTO USAGE_T (USAGE_ID, CUSTOMER_ID, PHONE_NUMBER, USAGE_DATE, USAGE_TYPE, USAGE_DURATION, PRICE_PER_UNIT, TOTAL_USAGE_PRICE)
VALUES ('U00000016', 'C0003', 0891234568, to_date ('2012-11-21 22:46:12', 'YYYY-MM-DD HH24:MI:SS'), 'sms', 1, 0.029999999999999999, 0.029999999999999999);

INSERT INTO USAGE_T (USAGE_ID, CUSTOMER_ID, PHONE_NUMBER, USAGE_DATE, USAGE_TYPE, USAGE_DURATION, PRICE_PER_UNIT, TOTAL_USAGE_PRICE)
VALUES ('U00000017', 'C0003', 0891234568, to_date ('2012-11-22 22:46:12', 'YYYY-MM-DD HH24:MI:SS'), 'sms', 1, 0.029999999999999999, 0.029999999999999999);

INSERT INTO USAGE_T (USAGE_ID, CUSTOMER_ID, PHONE_NUMBER, USAGE_DATE, USAGE_TYPE, USAGE_DURATION, PRICE_PER_UNIT, TOTAL_USAGE_PRICE)
VALUES ('U00000018', 'C0003', 0891234568, to_date ('2012-11-23 22:46:12', 'YYYY-MM-DD HH24:MI:SS'), 'sms', 1, 0.029999999999999999, 0.029999999999999999);


COMMIT;

delete usage_t;